Name,Extension,Folder Path
1GIEJ4288.jpg,.jpg,\66C310\
2FMVL4146.jpg,.jpg,\66C310\
LVMT3308.jpg,.jpg,\66C310\
UNOD6892.jpg,.jpg,\66C310\
1CUDB2312.jpg,.jpg,\66C315\
2FMVL4146.jpg,.jpg,\66C315\
LVMT3308.jpg,.jpg,\66C315\
UNOD6892.jpg,.jpg,\66C315\
1BKIV5067.jpg,.jpg,\66C320\
2KLBP2316.jpg,.jpg,\66C320\
LVMT3308.jpg,.jpg,\66C320\
UNOD6892.jpg,.jpg,\66C320\
NMEG8273.jpg,.jpg,\66C410\
WBAL8339.jpg,.jpg,\66C410\
1PISV6597.jpg,.jpg,\66C420\
NMEG8273.jpg,.jpg,\66C420\
WBAL8339.jpg,.jpg,\66C420\
NMEG8273.jpg,.jpg,\66C432\
WBAL8339.jpg,.jpg,\66C432\
1CSIZ4670.jpg,.jpg,\66C440\
2PNDQ6530.jpg,.jpg,\66C440\
NMEG8273.jpg,.jpg,\66C440\
WBAL8339.jpg,.jpg,\66C440\
NMEG8273.jpg,.jpg,\66C510\
XEXA4599.jpg,.jpg,\66C510\
NMEG8273.jpg,.jpg,\66C520\
XEXA4599.jpg,.jpg,\66C520\
1DPLQ9264.jpg,.jpg,\66C532\
NMEG8273.jpg,.jpg,\66C532\
XEXA4599.jpg,.jpg,\66C532\
NMEG8273.jpg,.jpg,\66C540\
XEXA4599.jpg,.jpg,\66C540\
NMEG8273.jpg,.jpg,\66C550\
XEXA4599.jpg,.jpg,\66C550\
1NELX6489.PNG,.PNG,\66P310\
2MHUT1915.PNG,.PNG,\66P310\
NEZO8177.PNG,.PNG,\66P310\
1GQPV4656.PNG,.PNG,\66P315\
2DUOL9117.PNG,.PNG,\66P315\
BFRO1427.PNG,.PNG,\66P315\
FGJG5226.PNG,.PNG,\66P315\
ETGW0524.PNG,.PNG,\66P320\
PUUJ4448.PNG,.PNG,\66P320\
JRMQ4456.PNG,.PNG,\66P410\
QHIP2419.PNG,.PNG,\66P410\
VEVR9460.PNG,.PNG,\66P410\
XWVO0329.PNG,.PNG,\66P410\
FOMU1410.PNG,.PNG,\66P420\
JUWL6020.PNG,.PNG,\66P420\
SLAH9586.PNG,.PNG,\66P420\
VEVR9460.PNG,.PNG,\66P420\
1EDPZ9248.PNG,.PNG,\66P432\
2KCQM8820.PNG,.PNG,\66P432\
KAAK7305.PNG,.PNG,\66P432\
OEWS4309.PNG,.PNG,\66P432\
1EBFZ7479.PNG,.PNG,\66P440\
2EFPL7680.PNG,.PNG,\66P440\
XCJO4826.PNG,.PNG,\66P440\
YEYK0935.PNG,.PNG,\66P440\
1XAOH6760.PNG,.PNG,\66P450\
2CETK6293.PNG,.PNG,\66P450\
FWDA6861.PNG,.PNG,\66P450\
QQVJ8023.PNG,.PNG,\66P450\
EKHE7337.PNG,.PNG,\66P510\
PTDS5121.PNG,.PNG,\66P510\
RLIS4577.PNG,.PNG,\66P510\
TIYD7714.PNG,.PNG,\66P510\
1TUYR3347.PNG,.PNG,\66P520\
2DSAR5540.PNG,.PNG,\66P520\
DLZD6261.PNG,.PNG,\66P520\
EKHE7337.PNG,.PNG,\66P520\
1USEV1626.PNG,.PNG,\66P532\
2DSKN4308.PNG,.PNG,\66P532\
EKHE7337.PNG,.PNG,\66P532\
UCXQ9169.PNG,.PNG,\66P532\
1KZMO1128.PNG,.PNG,\66P540\
2OTKB4941.PNG,.PNG,\66P540\
HCCK6540.PNG,.PNG,\66P540\
QBQO2009.PNG,.PNG,\66P540\
1NRRG5466.PNG,.PNG,\66P550\
2NYSF3175.PNG,.PNG,\66P550\
CHCT5021.PNG,.PNG,\66P550\
KLFS1249.PNG,.PNG,\66P550\
1U9A181566s315.jpg,.jpg,\66S315\
2U9A181666s315.jpg,.jpg,\66S315\
1RCYV2074.jpg,.jpg,\66SO410\
2DCLR5673.jpg,.jpg,\66SO410\
EBKF3463.jpg,.jpg,\66SO410\
UNCH4878.jpg,.jpg,\66SO410\
WGUG3969.jpg,.jpg,\66SO410\
WMRD4233.jpg,.jpg,\66SO410\
1TQVO9305.jpg,.jpg,\66SO420\
2DCLR5673.jpg,.jpg,\66SO420\
EBKF3463.jpg,.jpg,\66SO420\
UNCH4878.jpg,.jpg,\66SO420\
WGUG3969.jpg,.jpg,\66SO420\
WMRD4233.jpg,.jpg,\66SO420\
1NDBZ9886.jpg,.jpg,\66SO432\
2DCLR5673.jpg,.jpg,\66SO432\
EBKF3463.jpg,.jpg,\66SO432\
UNCH4878.jpg,.jpg,\66SO432\
WGUG3969.jpg,.jpg,\66SO432\
WMRD4233.jpg,.jpg,\66SO432\
1KPNW7815.jpg,.jpg,\66SO440\
2DCLR5673.jpg,.jpg,\66SO440\
EBKF3463.jpg,.jpg,\66SO440\
UNCH4878.jpg,.jpg,\66SO440\
WGUG3969.jpg,.jpg,\66SO440\
WMRD4233.jpg,.jpg,\66SO440\
1DPFN1239.jpg,.jpg,\66SO520\
2DCLR5673.jpg,.jpg,\66SO520\
EBKF3463.jpg,.jpg,\66SO520\
UURG0056.jpg,.jpg,\66SO520\
WGUG3969.jpg,.jpg,\66SO520\
WMRD4233.jpg,.jpg,\66SO520\
1XSXE8508.jpg,.jpg,\66SO532\
2DCLR5673.jpg,.jpg,\66SO532\
EBKF3463.jpg,.jpg,\66SO532\
UURG0056.jpg,.jpg,\66SO532\
WGUG3969.jpg,.jpg,\66SO532\
WMRD4233.jpg,.jpg,\66SO532\
1FAWV9003.jpg,.jpg,\66SO540\
2DCLR5673.jpg,.jpg,\66SO540\
EBKF3463.jpg,.jpg,\66SO540\
UURG0056.jpg,.jpg,\66SO540\
WGUG3969.jpg,.jpg,\66SO540\
WMRD4233.jpg,.jpg,\66SO540\
1OOVC0903.jpg,.jpg,\66SO550\
2DCLR5673.jpg,.jpg,\66SO550\
EBKF3463.jpg,.jpg,\66SO550\
UURG0056.jpg,.jpg,\66SO550\
WGUG3969.jpg,.jpg,\66SO550\
WMRD4233.jpg,.jpg,\66SO550\
1MEZT7382.jpg,.jpg,\ADP108\
2HTQI8047.jpg,.jpg,\ADP108\
BSZB9085.jpg,.jpg,\ADP108\
NGOT1895.jpg,.jpg,\ADP108\
TVGF1476.jpg,.jpg,\ADP108\
1JEZU1963.jpg,.jpg,\ADP208\
2TJNX0308.jpg,.jpg,\ADP208\
HGUZ6284.jpg,.jpg,\ADP208\
KMVJ8279.jpg,.jpg,\ADP208\
LQYG7522.jpg,.jpg,\ADP208\
1KNUB6104.jpg,.jpg,\ADP77\
DDML1689.jpg,.jpg,\ADP77\
DLJM8296.jpg,.jpg,\ADP77\
IZVY0791.jpg,.jpg,\ADP77\
HQYV7139.jpg,.jpg,\AL10\
OPGX8817.jpg,.jpg,\AL10\
PCRRF7200.jpg,.jpg,\AL10\
QQQZ0265.jpg,.jpg,\AL10\
UQJR2225.jpg,.jpg,\AL10\
VTEX5638.jpg,.jpg,\AL10\
1IYIO2301.jpg,.jpg,\AL14\
AIQL9376.jpg,.jpg,\AL14\
MMPL5003.jpg,.jpg,\AL14\
NLNA0558.jpg,.jpg,\AL14\
NYKZ4686.jpg,.jpg,\AL14\
QQLH8882.jpg,.jpg,\AL14\
UJVH9494.jpg,.jpg,\AL14\
1FKYP4771.jpg,.jpg,\AL18\
2CPQC3792.jpg,.jpg,\AL18\
MDAR4903.jpg,.jpg,\AL18\
THSY9171.jpg,.jpg,\AL18\
TRTZ3791.jpg,.jpg,\AL18\
VJZW7843.jpg,.jpg,\AL18\
1PMQW0064.jpg,.jpg,\AL7\
DDOB7649.jpg,.jpg,\AL7\
IMIR9987.jpg,.jpg,\AL7\
WDHR6179.jpg,.jpg,\AL7\
YCPB3927.jpg,.jpg,\AL7\
PhotoRoom_20201103_164431.jpeg,.jpeg,\ARBOR1\
PhotoRoom_20201103_164429.jpeg,.jpeg,\ARBOR2\
1EEBP4358.jpg,.jpg,\AS1BC\
BKSH1196.jpg,.jpg,\AS1BC\
BRIX0329.jpg,.jpg,\AS1BC\
JKVS2204.jpg,.jpg,\AS1BC\
1RTVE1270.jpg,.jpg,\AS1G\
IYIU1573.jpg,.jpg,\AS1G\
PQTT5680.jpg,.jpg,\AS1G\
REBJ0657.jpg,.jpg,\AS1G\
TRFW2558.jpg,.jpg,\AS1G\
XZVP7633.jpg,.jpg,\AS1G\
AEDC2431.jpg,.jpg,\AS1G_B\
AUZL5271.jpg,.jpg,\AS1G_B\
JLVE6294.jpg,.jpg,\AS1G_B\
NDKP0134.jpg,.jpg,\AS1G_B\
NFGE9056.jpg,.jpg,\AS1W_BC\
TORG8478.jpg,.jpg,\AS1W_BC\
VFFW8342.jpg,.jpg,\AS1W_BC\
BVLX8946.jpg,.jpg,\AS1WC_SC\
NKEY4322.jpg,.jpg,\AS1WC_SC\
1JUWR6487.jpg,.jpg,\AS2BC\
AIGJ6854.jpg,.jpg,\AS2BC\
LEIT1085.jpg,.jpg,\AS2BC\
NJEZ6012.jpg,.jpg,\AS2BC\
GDLI9697.jpg,.jpg,\AS2W_BC\
GGXR0335.jpg,.jpg,\AS2W_BC\
JAUX4688.jpg,.jpg,\AS2W_BC\
DNFU2355.jpg,.jpg,\AS2WC_SC\
QUXN0080.jpg,.jpg,\AS2WC_SC\
1MBJV4156.jpg,.jpg,\AS3BC\
AYPM0384.jpg,.jpg,\AS3BC\
GQZN8228.jpg,.jpg,\AS3BC\
SEII9344.jpg,.jpg,\AS3BC\
BOLG7541.jpg,.jpg,\AS4BC\
FPAM6122.jpg,.jpg,\AS4BC\
GLHZ7632.jpg,.jpg,\AS4BC\
NFJO5784.jpg,.jpg,\AS4BC\
1IJPZ7352.jpg,.jpg,\AVR\
ATAQ8876.jpg,.jpg,\AVR\
BHGG0191.jpg,.jpg,\AVR\
BPYR1553.jpg,.jpg,\AVR\
FXIB0347.jpg,.jpg,\AVR\
MOVH8895.jpg,.jpg,\AVR\
UXAW1749.jpg,.jpg,\AVR\
VYUO9939.jpg,.jpg,\AVR\
WCVJ5653.jpg,.jpg,\AVR\
1DREU3981.PNG,.PNG,\BEZELR\
HKYD5909.PNG,.PNG,\BEZELR\
UAJY4165.PNG,.PNG,\BEZELR\
1REYR5543.PNG,.PNG,\BEZELS\
NZNQ3283.PNG,.PNG,\BEZELS\
UAJY4165.PNG,.PNG,\BEZELS\
1KIMZ7204.PNG,.PNG,\C1P10\
HCNQ2055.PNG,.PNG,\C1P10\
NLSR5530.jpg,.jpg,\C1P10\
NYED9215.jpg,.jpg,\C1P10\
VIJK3661.jpg,.jpg,\C1P10\
1UCIO6568.PNG,.PNG,\C1P16\
LRXE8413.PNG,.PNG,\C1P16\
NLSR5530.jpg,.jpg,\C1P16\
NYED9215.jpg,.jpg,\C1P16\
VIJK3661.jpg,.jpg,\C1P16\
1WUGW8185.jpg,.jpg,\C1P20\
2RVZB9990.jpg,.jpg,\C1P20\
NLSR5530.jpg,.jpg,\C1P20\
NYED9215.jpg,.jpg,\C1P20\
VIJK3661.jpg,.jpg,\C1P20\
1TOBT8626.PNG,.PNG,\C1P25\
IVDX1983.PNG,.PNG,\C1P25\
NLSR5530.jpg,.jpg,\C1P25\
NYED9215.jpg,.jpg,\C1P25\
VIJK3661.jpg,.jpg,\C1P25\
1HWOV4928.jpg,.jpg,\C1P32\
2TLHU8492.jpg,.jpg,\C1P32\
NLSR5530.jpg,.jpg,\C1P32\
NYED9215.jpg,.jpg,\C1P32\
VIJK3661.jpg,.jpg,\C1P32\
1UQEW0518.jpg,.jpg,\C1P40\
2GSRB9343.jpg,.jpg,\C1P40\
NLSR5530.jpg,.jpg,\C1P40\
NYED9215.jpg,.jpg,\C1P40\
VIJK3661.jpg,.jpg,\C1P40\
CXOL4172.jpg,.jpg,\C1P50\
FVBC1820.jpg,.jpg,\C1P50\
NLSR5530.jpg,.jpg,\C1P50\
NYED9215.jpg,.jpg,\C1P50\
VIJK3661.jpg,.jpg,\C1P50\
1QVVU3630.jpg,.jpg,\C1P63\
2RKOY4723.jpg,.jpg,\C1P63\
NLSR5530.jpg,.jpg,\C1P63\
NYED9215.jpg,.jpg,\C1P63\
VIJK3661.jpg,.jpg,\C1P63\
1CILZ8034.PNG,.PNG,\C2P16\
2MVBU0508.PNG,.PNG,\C2P16\
CVDM8924.PNG,.PNG,\C2P16\
FRZK3441.PNG,.PNG,\C2P16\
VIJK3661.jpg,.jpg,\C2P16\
1OFNM7246.jpg,.jpg,\C3P20\
2FAAK9119.jpg,.jpg,\C3P20\
EWOU2041.jpg,.jpg,\C3P20\
JJOO0528.jpg,.jpg,\C3P20\
VIJK3661.jpg,.jpg,\C3P20\
1IWRN8918.jpg,.jpg,\C3P32\
ASMU2216.jpg,.jpg,\C3P32\
EWOU2041.jpg,.jpg,\C3P32\
JJOO0528.jpg,.jpg,\C3P32\
VIJK3661.jpg,.jpg,\C3P32\
1WTMT7286.PNG,.PNG,\C3P40\
BMEV1676.PNG,.PNG,\C3P40\
EWOU2041.jpg,.jpg,\C3P40\
JJOO0528.jpg,.jpg,\C3P40\
VIJK3661.jpg,.jpg,\C3P40\
1UPZS1107.PNG,.PNG,\C3P50\
2VYHT4826.PNG,.PNG,\C3P50\
EWOU2041.jpg,.jpg,\C3P50\
JJOO0528.jpg,.jpg,\C3P50\
VIJK3661.jpg,.jpg,\C3P50\
1CIXE1888.jpg,.jpg,\C3P63\
2RBXT3206.jpg,.jpg,\C3P63\
EWOU2041.jpg,.jpg,\C3P63\
JJOO0528.jpg,.jpg,\C3P63\
VIJK3661.jpg,.jpg,\C3P63\
1IOGH5339.jpg,.jpg,\CC10\
BUPG2690.jpg,.jpg,\CC10\
IHLJ9641.PNG,.PNG,\CC10\
TGBB7098.jpg,.jpg,\CC10\
CAGB4798.PNG,.PNG,\CC13\
QPGS2792.PNG,.PNG,\CC13\
NRYD8537.jpg,.jpg,\CC14\
FGDP6587.PNG,.PNG,\CC16\
CC20_50.PNG,.PNG,\CC20\
CC20_25.PNG,.PNG,\CC20_25\
CC20H.PNG,.PNG,\CC20H\
CC25_50.PNG,.PNG,\CC25\
CC25_25.PNG,.PNG,\CC25_25\
CC25H.PNG,.PNG,\CC25H\
CC32.PNG,.PNG,\CC32\
CC32H.PNG,.PNG,\CC32H\
CC40.PNG,.PNG,\CC40\
CC40H.PNG,.PNG,\CC40H\
KAHE8953.PNG,.PNG,\CC50\
CC50H.PNG,.PNG,\CC50H\
1XHGT2415.jpg,.jpg,\CN1\
2CYEB3861.jpg,.jpg,\CN1\
MVHU4566.jpg,.jpg,\CN1\
UJYV6788.jpg,.jpg,\CN1\
YKFP4606.jpg,.jpg,\CN1\
1TPXU9626.jpg,.jpg,\CN2\
2XPPT4843.jpg,.jpg,\CN2\
CUCK1855.jpg,.jpg,\CN2\
FUWB4793.jpg,.jpg,\CN2\
IIMR8517.jpg,.jpg,\CN2\
1XWZZ1669.jpg,.jpg,\CN216\
2ROPB2062.jpg,.jpg,\CN216\
JJOW8093.jpg,.jpg,\CN216\
UVIQ3817.jpg,.jpg,\CN216\
1JBCQ2611.jpg,.jpg,\CN235\
2IULJ1924.jpg,.jpg,\CN235\
BDRW6439.jpg,.jpg,\CN235\
PQKC8676.jpg,.jpg,\CN235\
10201120_013921835.jpg,.jpg,\CNN2\
20201120_013846038.jpg,.jpg,\CNN2\
10201120_013656231.jpg,.jpg,\CNN3\
20201120_013603630.jpg,.jpg,\CNN3\
1UCRU4360.jpg,.jpg,\CR\
DTAQ7831.jpg,.jpg,\CR\
HZTT1878.jpg,.jpg,\CR\
JMBW2325.jpg,.jpg,\CR\
1CT150B.PNG,.PNG,\CT150B\
2MUVB4228.PNG,.PNG,\CT150B\
1WGID1201.PNG,.PNG,\CT160W\
2XVLA0431.PNG,.PNG,\CT160W\
1CT200B.PNG,.PNG,\CT200B\
2MUVB4228.PNG,.PNG,\CT200B\
1EBGH5002.jpg,.jpg,\CT200B1K\
2MUVB4228.PNG,.PNG,\CT200B1K\
1CT250B.PNG,.PNG,\CT250B\
2MUVB4228.PNG,.PNG,\CT250B\
1DGNR6288.PNG,.PNG,\CT250B1K\
2MUVB4228.PNG,.PNG,\CT250B1K\
1CT250W.PNG,.PNG,\CT250W\
2XVLA0431.PNG,.PNG,\CT250W\
1CT300B.PNG,.PNG,\CT300B\
2MUVB4228.PNG,.PNG,\CT300B\
1CT300B1K.PNG,.PNG,\CT300B1K\
2MUVB4228.PNG,.PNG,\CT300B1K\
1CT300W.PNG,.PNG,\CT300W\
2XVLA0431.PNG,.PNG,\CT300W\
1CT390B.PNG,.PNG,\CT390B\
2MUVB4228.PNG,.PNG,\CT390B\
1CT540B.PNG,.PNG,\CT540B\
2MUVB4228.PNG,.PNG,\CT540B\
1201119_230816509.jpg,.jpg,\DB3\
20201119_230015402.jpg,.jpg,\DB3\
20201119_230851814.jpg,.jpg,\DB3\
2201119_231020258.jpg,.jpg,\DB3\
1201119_230054769.jpg,.jpg,\DB5\
20201119_230027169.jpg,.jpg,\DB5\
2201119_230710597.jpg,.jpg,\DB5\
3201119_230634345.jpg,.jpg,\DB5\
1VLSU6495.jpg,.jpg,\EL03\
2OTTV1907.jpg,.jpg,\EL03\
AHFE4801.jpg,.jpg,\EL03\
BULM3131.jpg,.jpg,\EL03\
1KBHT2724.jpg,.jpg,\EL05\
2OTTV1907.jpg,.jpg,\EL05\
AHFE4801.jpg,.jpg,\EL05\
BULM3131.jpg,.jpg,\EL05\
1IZRQ7932.jpg,.jpg,\EL10\
2OTTV1907.jpg,.jpg,\EL10\
AHFE4801.jpg,.jpg,\EL10\
BULM3131.jpg,.jpg,\EL10\
GPZW2829.PNG,.PNG,\ELH10_15A\
HAPC8503.PNG,.PNG,\ELH10_15A\
JHQH0231.PNG,.PNG,\ELH10_15A\
1PCBR4856.jpg,.jpg,\EMG-DISC\
2SUNT6567.jpg,.jpg,\EMG-DISC\
ARJL5231.jpg,.jpg,\EMG-DISC\
JMJK5394.jpg,.jpg,\EMG-DISC\
LJMB8450.jpg,.jpg,\EMG-DISC\
XNGN3873.jpg,.jpg,\EMG-DISC\
1MYJB6263.jpg,.jpg,\ENC01\
2LAUU7045.jpg,.jpg,\ENC01\
XIEY2175.jpg,.jpg,\ENC01\
1CVIS9546.jpg,.jpg,\ENC02\
2JQKQ2201.jpg,.jpg,\ENC02\
THWR8625.jpg,.jpg,\ENC02\
1RGXR0823.jpg,.jpg,\ENC04\
2USQB0479.jpg,.jpg,\ENC04\
LNUG2410.jpg,.jpg,\ENC04\
1XAML4555.jpg,.jpg,\ENC06\
2NWAI9996.jpg,.jpg,\ENC06\
EHRS7062.jpg,.jpg,\ENC06\
1TQPH8479.jpg,.jpg,\ENC08\
2PEQB3408.jpg,.jpg,\ENC08\
EMCE8041.jpg,.jpg,\ENC08\
1SINF4247.jpg,.jpg,\ENC12\
2PHCQ0190.jpg,.jpg,\ENC12\
3NWSK567.jpg,.jpg,\ENC12\
LKBK6350.jpg,.jpg,\ENC12\
1_20201127_031243129.png,.png,\EPT\
20201127_031328207.png,.png,\EPT\
20201127_031356955.png,.png,\EPT\
1QOVC8057.jpg,.jpg,\EXIT\
2CPVD9909.jpg,.jpg,\EXIT\
DYFA6010.jpg,.jpg,\EXIT\
GARQ6974.jpg,.jpg,\EXIT\
LAME0062.jpg,.jpg,\EXIT\
ORKE2058.jpg,.jpg,\EXIT\
PJOE2789.jpg,.jpg,\EXIT\
1JOBW3902.jpg,.jpg,\FP2\
2JTSY9453.jpg,.jpg,\FP2\
ICHE6963.jpg,.jpg,\FP2\
KNUS0481.jpg,.jpg,\FP2\
WLYH7470.jpg,.jpg,\FP2\
1OWKO6101.jpg,.jpg,\FP3\
2TJJZ1400.jpg,.jpg,\FP3\
DXBK8371.jpg,.jpg,\FP3\
RMIT1041.jpg,.jpg,\FP3\
WRGM5066.jpg,.jpg,\FP3\
WICI1447.PNG,.PNG,\FP3H\
1WDTP2396.PNG,.PNG,\FUSE80\
2FDOL0949.PNG,.PNG,\FUSE80\
1PhotoRoom_20201103_164444.jpeg,.jpeg,\HSW20\
2PhotoRoom_20201103_164450.jpeg,.jpeg,\HSW20\
PhotoRoom_20201103_164440.jpeg,.jpeg,\HSW20\
1QNOA7482.jpg,.jpg,\ISH\
2VIUB4416.jpg,.jpg,\ISH\
KRZO8466.jpg,.jpg,\ISH\
TVOF7045.jpg,.jpg,\ISH\
1201120_013327317.jpg,.jpg,\ITOOL\
20201120_013409286.jpg,.jpg,\ITOOL\
2201120_013513916.jpg,.jpg,\ITOOL\
BJVW5488.jpg,.jpg,\JB\
INUJ6504.jpg,.jpg,\JB\
NFSE5711.jpg,.jpg,\JB\
NWHS1876.jpg,.jpg,\JB\
WBTU3660.jpg,.jpg,\JB\
XTUZ7142.jpg,.jpg,\JB\
1QUUE6810.jpg,.jpg,\JB1-20\
2HSUN8428.jpg,.jpg,\JB1-20\
HHIC4629.jpg,.jpg,\JB1-20\
PDXJ4237.jpg,.jpg,\JB1-20\
1THDS9498.jpg,.jpg,\JB1-20S\
2HSUN8428.jpg,.jpg,\JB1-20S\
HHIC4629.jpg,.jpg,\JB1-20S\
PDXJ4237.jpg,.jpg,\JB1-20S\
1OVNS6717.jpg,.jpg,\JB2-20\
2FEGE3638.jpg,.jpg,\JB2-20\
JPUH5586.jpg,.jpg,\JB2-20\
RJGY6366.jpg,.jpg,\JB2-20\
1HCUY7776.PNG,.PNG,\JB2-20A\
2VSVH1907.PNG,.PNG,\JB2-20A\
FOKM8428.PNG,.PNG,\JB2-20A\
UHJX8530.PNG,.PNG,\JB2-20A\
1MGMH6436.jpg,.jpg,\JB2-20S\
2FEGE3638.jpg,.jpg,\JB2-20S\
JPUH5586.jpg,.jpg,\JB2-20S\
RJGY6366.jpg,.jpg,\JB2-20S\
1RJWT7228.jpg,.jpg,\JB3-20\
2CRYK5268.jpg,.jpg,\JB3-20\
PEKE0917.jpg,.jpg,\JB3-20\
SSPP6771.jpg,.jpg,\JB3-20\
1OIGN3396.jpg,.jpg,\JB3-20S\
2CRYK5268.jpg,.jpg,\JB3-20S\
PEKE0917.jpg,.jpg,\JB3-20S\
SSPP6771.jpg,.jpg,\JB3-20S\
1FVQD5083.jpg,.jpg,\JB4-20\
2KDHB3428.jpg,.jpg,\JB4-20\
FUPA9712.jpg,.jpg,\JB4-20\
XXLW7522.jpg,.jpg,\JB4-20\
1FFRJ4463.jpg,.jpg,\JB4-20S\
2KDHB3428.jpg,.jpg,\JB4-20S\
FUPA9712.jpg,.jpg,\JB4-20S\
XXLW7522.jpg,.jpg,\JB4-20S\
1TCKZ8748.jpg,.jpg,\JBM\
CGMP0259.jpg,.jpg,\JBM\
HLFQ7299.jpg,.jpg,\JBM\
LZCM6181.jpg,.jpg,\JBM\
OYBU4178.jpg,.jpg,\JBM\
RHLY3554.jpg,.jpg,\JBM\
1LOFL1757.jpg,.jpg,\JBS\
KLNA7502.jpg,.jpg,\JBS\
LMYT4134.jpg,.jpg,\JBS\
RVYO4318.jpg,.jpg,\JBS\
WRET7863.jpg,.jpg,\JBS\
120201119_225919109.jpg,.jpg,\JF11\
220201119_225939583.jpg,.jpg,\JF11\
1201119_231517737.jpg,.jpg,\JF11C\
20201119_231506022.jpg,.jpg,\JF11C\
20201119_231540918.jpg,.jpg,\JF11C\
2201119_231529076.jpg,.jpg,\JF11C\
1201119_231341357.jpg,.jpg,\JF27\
1201119_231409821.jpg,.jpg,\JF27\
20201119_231328727.jpg,.jpg,\JF27\
2201119_231031986.jpg,.jpg,\JF27\
1201119_231419733.jpg,.jpg,\JF27C\
20201119_231429224.jpg,.jpg,\JF27C\
2201119_231447943.jpg,.jpg,\JF27C\
3201119_231437721.jpg,.jpg,\JF27C\
1WHMV0815.jpg,.jpg,\MB_AS\
2HDRF3528.jpg,.jpg,\MB_AS\
DLBF7581.jpg,.jpg,\MB_AS\
QXTK6426.jpg,.jpg,\MB_AS\
1EMZT0887.jpg,.jpg,\MB_WP\
2JQHT8116.jpg,.jpg,\MB_WP\
AEZP8538.jpg,.jpg,\MB_WP\
EJVF0816.jpg,.jpg,\MB_WP\
FYAL5303.jpg,.jpg,\MB_WP\
IFWX0175.jpg,.jpg,\MB_WP\
1119_05.jpg,.jpg,\MD10C\
2019_044615656.jpg,.jpg,\MD10C\
20201119_044601465.jpg,.jpg,\MD10C\
1119_044642448.jpg,.jpg,\MD10D\
201119_044654475.jpg,.jpg,\MD10D\
20201119_044635560.jpg,.jpg,\MD10D\
MF13CB11211.PNG,.PNG,\MF13C_B\
MF13CB11212.PNG,.PNG,\MF13C_B\
1QJSU1141.jpg,.jpg,\MF20B\
2IQCH6094.PNG,.PNG,\MF20B\
VKIW9729.PNG,.PNG,\MF20B\
MF20CB11211.PNG,.PNG,\MF20C_B\
MF20CB11212.PNG,.PNG,\MF20C_B\
MFW10B11011.PNG,.PNG,\MFW10B\
MFW10B11012.PNG,.PNG,\MFW10B\
MFW10B11013.PNG,.PNG,\MFW10B\
MFW20_11011.PNG,.PNG,\MFW20\
MFW20_11012.PNG,.PNG,\MFW20\
MFW20_11013.PNG,.PNG,\MFW20\
MFW30B11011.PNG,.PNG,\MFW30B\
1GFHK9941.jpg,.jpg,\ML165_13\
HKUB9005.jpg,.jpg,\ML165_13\
HSLS2283.jpg,.jpg,\ML165_13\
IFFS6681.jpg,.jpg,\ML165_13\
JCFD3066.jpg,.jpg,\ML165_13\
MNWG6477.jpg,.jpg,\ML165_13\
UOZM7934.jpg,.jpg,\ML165_13\
XBRZ6442.jpg,.jpg,\ML165_13\
1HPTS4588.jpg,.jpg,\ML165_7\
DRMW9274.jpg,.jpg,\ML165_7\
LABS1090.jpg,.jpg,\ML165_7\
RTFF8606.jpg,.jpg,\ML165_7\
TZSF1052.jpg,.jpg,\ML165_7\
XNQU9536.jpg,.jpg,\ML165_7\
YKLU8206.jpg,.jpg,\ML165_7\
1KHAW4503.jpg,.jpg,\ML350_13\
2GMFK7557.jpg,.jpg,\ML350_13\
ASDH8860.jpg,.jpg,\ML350_13\
GPBY7657.jpg,.jpg,\ML350_13\
MNWG6477.jpg,.jpg,\ML350_13\
OCZH1725.jpg,.jpg,\ML350_13\
PTMX8444.jpg,.jpg,\ML350_13\
SWZA8038.jpg,.jpg,\ML350_13\
1HHIB5247.PNG,.PNG,\MS1P100\
2DVTD7906.PNG,.PNG,\MS1P100\
FYHP7083.PNG,.PNG,\MS1P100\
LBQX9059.PNG,.PNG,\MS1P100\
QLHQ3070.PNG,.PNG,\MS1P100\
1SOOD2216.PNG,.PNG,\MS1P100SM\
2LKVS7044.PNG,.PNG,\MS1P100SM\
VYSI4099.PNG,.PNG,\MS1P100SM\
XRYK3618.jpg,.jpg,\MS1P100SM\
1DLXD9239.PNG,.PNG,\MS1P63\
2QAAD4047.PNG,.PNG,\MS1P63\
FYHP7083.PNG,.PNG,\MS1P63\
LBQX9059.PNG,.PNG,\MS1P63\
QLHQ3070.PNG,.PNG,\MS1P63\
1WDWO1320.jpg,.jpg,\MS1P63SM\
2PDNH2256.jpg,.jpg,\MS1P63SM\
KUMS1986.jpg,.jpg,\MS1P63SM\
XRYK3618.jpg,.jpg,\MS1P63SM\
1HSMT0497.PNG,.PNG,\MS1P80\
2KTZQ9352.PNG,.PNG,\MS1P80\
FYHP7083.PNG,.PNG,\MS1P80\
LBQX9059.PNG,.PNG,\MS1P80\
QLHQ3070.PNG,.PNG,\MS1P80\
1HIBH3612.PNG,.PNG,\MS1P80SM\
2LKVS7044.PNG,.PNG,\MS1P80SM\
VYSI4099.PNG,.PNG,\MS1P80SM\
XRYK3618.jpg,.jpg,\MS1P80SM\
1LYQF1979.PNG,.PNG,\MS3P100\
2DTBE4552.PNG,.PNG,\MS3P100\
LBQX9059.PNG,.PNG,\MS3P100\
MPPB9060.PNG,.PNG,\MS3P100\
MRNK7025.PNG,.PNG,\MS3P100\
1BWHS1945.PNG,.PNG,\MS3P100SM\
2YGNN4676.PNG,.PNG,\MS3P100SM\
IXMU2046.PNG,.PNG,\MS3P100SM\
VYSI4099.PNG,.PNG,\MS3P100SM\
1JVIP9609.PNG,.PNG,\MS3P63\
2VZMD8751.PNG,.PNG,\MS3P63\
LBQX9059.PNG,.PNG,\MS3P63\
MPPB9060.PNG,.PNG,\MS3P63\
MRNK7025.PNG,.PNG,\MS3P63\
1ECMW0692.PNG,.PNG,\MS3P63SM\
2RPWL5176.PNG,.PNG,\MS3P63SM\
IXMU2046.PNG,.PNG,\MS3P63SM\
VYSI4099.PNG,.PNG,\MS3P63SM\
1VFIU1633.PNG,.PNG,\MS3P80SM\
2DHHF7251.PNG,.PNG,\MS3P80SM\
IXMU2046.PNG,.PNG,\MS3P80SM\
VYSI4099.PNG,.PNG,\MS3P80SM\
1IYQS3940.jpg,.jpg,\NL10\
2CFBN0932.jpg,.jpg,\NL10\
JGTG9526.jpg,.jpg,\NL10\
KKXV0059.jpg,.jpg,\NL10\
UCOS6152.jpg,.jpg,\NL10\
1RYIR1536.jpg,.jpg,\NL14\
CTXO8038.jpg,.jpg,\NL14\
DWNB0864.jpg,.jpg,\NL14\
FJPQ0968.jpg,.jpg,\NL14\
QJJK4797.jpg,.jpg,\NL14\
QTWW3002.jpg,.jpg,\NL14\
XMBD9852.jpg,.jpg,\NL14\
1ASPU7725.jpg,.jpg,\NL18\
ARHQ5813.jpg,.jpg,\NL18\
BRFI4205.jpg,.jpg,\NL18\
JERL3886.jpg,.jpg,\NL18\
KEHA6924.jpg,.jpg,\NL18\
RTLM2298.jpg,.jpg,\NL18\
WKZH4779.jpg,.jpg,\NL18\
1BSON4631.jpg,.jpg,\NL7\
2DCIM7743.jpg,.jpg,\NL7\
LJIQ1888.jpg,.jpg,\NL7\
RCJC3116.jpg,.jpg,\NL7\
WYGQ9621.jpg,.jpg,\NL7\
XYSE3225.jpg,.jpg,\NL7\
1PR_20201103_164748.jpeg,.jpeg,\OLDC_B\
2PR_20201103_164755.jpeg,.jpeg,\OLDC_B\
CXLN4968.PNG,.PNG,\OLDC_B\
1MRQD5339.jpg,.jpg,\P1DW\
2SXOP0316.jpg,.jpg,\P1DW\
1XCYH1574.jpg,.jpg,\P1WC_SC\
XCEV5263.jpg,.jpg,\P1WC_SC\
1XPTN7452.jpg,.jpg,\P1WP15\
2PhotoRoom_20201103_164502.jpg,.jpg,\P1WP15\
PhotoRoom_20201103_164520.jpg,.jpg,\P1WP15\
PhotoRoom_20201103_164528.jpg,.jpg,\P1WP15\
1ACBO2596.PNG,.PNG,\P1XV\
20201116_051244022.jpg,.jpg,\P1XV\
2VUTA8758.PNG,.PNG,\P1XV\
4RKZP8904.PNG,.PNG,\P1XV\
KBUK7937.PNG,.PNG,\P1XV\
1VMPD6521.jpg,.jpg,\P2C_B\
GFMN0954.jpg,.jpg,\P2C_B\
1SJCS4509.jpg,.jpg,\P2D_USB\
2SPTO0273.jpg,.jpg,\P2D_USB\
KSKW6994.jpg,.jpg,\P2D_USB\
1TWXM9276.jpg,.jpg,\P2D_USB_B\
2YIMX2329.jpg,.jpg,\P2D_USB_B\
POGH8830.jpg,.jpg,\P2D_USB_B\
QCJN5270.jpg,.jpg,\P2D_USB_B\
VBCJ5398.jpg,.jpg,\P2D_USB_B\
DSFQ8497.jpg,.jpg,\P2DW\
FXAN0565.jpg,.jpg,\P2DW\
JVGU9211.jpg,.jpg,\P2DW\
NMEZ4370.jpg,.jpg,\P2DW\
TVDM2567.jpg,.jpg,\P2DW\
1QTKW5563.jpg,.jpg,\P2DWS_B\
ENEN4741.jpg,.jpg,\P2DWS_B\
QJCK8082.jpg,.jpg,\P2DWS_B\
1DQUN6176.PNG,.PNG,\P2DWS_PPO15\
2EJOE4175.PNG,.PNG,\P2DWS_PPO15\
3AFOO4685.PNG,.PNG,\P2DWS_PPO15\
4fqefqfqf3GrgSA.PNG,.PNG,\P2DWS_PPO15\
EKAA5559.PNG,.PNG,\P2DWS_PPO15\
BSYV8551.jpg,.jpg,\P2GUSB_B\
HQRE2031.jpg,.jpg,\P2GUSB_B\
IZDM1443.jpg,.jpg,\P2GUSB_B\
LIDF9961.jpg,.jpg,\P2GUSB_B\
MZDT2296.jpg,.jpg,\P2GUSB_B\
PHRS8496.jpg,.jpg,\P2GUSB_B\
QLVY1773.jpg,.jpg,\P2GUSB_B\
SXZZ9791.jpg,.jpg,\P2GUSB_B\
1JSSJ4685.jpg,.jpg,\P2WC_SC\
IFVC9021.jpg,.jpg,\P2WC_SC\
1EVBQ4554.jpg,.jpg,\P2WP\
2SGMO7317.jpg,.jpg,\P2WP\
BOOJ3228.jpg,.jpg,\P2WP\
DAYY2501.jpg,.jpg,\P2WP\
VYNZ4076.jpg,.jpg,\P2WP\
WFQH8644.jpg,.jpg,\P2WP\
1ERQW7785.jpg,.jpg,\P2WP15\
2SGMO7317.jpg,.jpg,\P2WP15\
BOOJ3228.jpg,.jpg,\P2WP15\
DAYY2501.jpg,.jpg,\P2WP15\
SHFW4430.jpg,.jpg,\P2WP15\
VYNZ4076.jpg,.jpg,\P2WP15\
1XQMR6300.jpg,.jpg,\P2XG\
2FHEZ6629.jpg,.jpg,\P2XG\
EZHY2923.jpg,.jpg,\P2XG\
JQIK5064.jpg,.jpg,\P2XG\
NARS0563.jpg,.jpg,\P2XG\
WFMJ5151.jpg,.jpg,\P2XG\
XRKR6394.jpg,.jpg,\P2XG\
1PGRT3325.jpg,.jpg,\P4D\
BJBT4485.jpg,.jpg,\P4D\
NLBI1118.jpg,.jpg,\P4D\
1NXFJ4227.jpg,.jpg,\PB4\
2EIIM1003.jpg,.jpg,\PB4\
AGKR3812.jpg,.jpg,\PB4\
FXAJ2364.jpg,.jpg,\PB4\
HNTD4159.jpg,.jpg,\PB4\
ICCQ7502.jpg,.jpg,\PB4\
KRDA3119.jpg,.jpg,\PB4\
PAJL8291.jpg,.jpg,\PB4\
1XNKO9533.jpg,.jpg,\PB4SP\
2SGOI0736.jpg,.jpg,\PB4SP\
BPAN6205.jpg,.jpg,\PB4SP\
ICCQ7502.jpg,.jpg,\PB4SP\
1CJGI0444.jpg,.jpg,\PB6\
2NMMU6345.jpg,.jpg,\PB6\
HRGE8313.jpg,.jpg,\PB6\
PAJL8291.jpg,.jpg,\PB6\
1LCFO4396.jpg,.jpg,\PB6SP\
2SGOI0736.jpg,.jpg,\PB6SP\
KYTA0001.jpg,.jpg,\PB6SP\
LHQC2018.jpg,.jpg,\PB6SP\
1201119_231629866.jpg,.jpg,\PP24\
20201119_231608488.jpg,.jpg,\PP24\
2201119_231619339.jpg,.jpg,\PP24\
1RTDN9287.jpg,.jpg,\RCBO10F\
2PMNR2693.jpg,.jpg,\RCBO10F\
AGXW0026.jpg,.jpg,\RCBO10F\
AXIO0280.jpg,.jpg,\RCBO10F\
BFXM0124.jpg,.jpg,\RCBO10F\
OOVO6653.jpg,.jpg,\RCBO10F\
1SWNE2992.jpg,.jpg,\RCBO16F\
2ULFA9972.jpg,.jpg,\RCBO16F\
AGXW0026.jpg,.jpg,\RCBO16F\
AXIO0280.jpg,.jpg,\RCBO16F\
BFXM0124.jpg,.jpg,\RCBO16F\
1LODW6976.jpg,.jpg,\RCBO20F\
2VIRW9746.jpg,.jpg,\RCBO20F\
AGXW0026.jpg,.jpg,\RCBO20F\
AXIO0280.jpg,.jpg,\RCBO20F\
BFXM0124.jpg,.jpg,\RCBO20F\
1KTQY1184.jpg,.jpg,\RCBO25F\
2SCSQ8791.jpg,.jpg,\RCBO25F\
AGXW0026.jpg,.jpg,\RCBO25F\
AXIO0280.jpg,.jpg,\RCBO25F\
BFXM0124.jpg,.jpg,\RCBO25F\
1KTFR4599.jpg,.jpg,\RCBO32F\
2PBGJ3969.jpg,.jpg,\RCBO32F\
AGXW0026.jpg,.jpg,\RCBO32F\
AXIO0280.jpg,.jpg,\RCBO32F\
BFXM0124.jpg,.jpg,\RCBO32F\
WFVZ1131.jpg,.jpg,\RCBO32F\
1GCVC4892.jpg,.jpg,\RCD_NL3\
2UDMM1607.jpg,.jpg,\RCD_NL3\
FDZF3488.jpg,.jpg,\RCD_NL3\
MXGA4972.jpg,.jpg,\RCD_NL3\
XZAH0556.jpg,.jpg,\RCD_NL3\
1CFBB7951.jpg,.jpg,\RCDMCB10E\
2WOEH2278.jpg,.jpg,\RCDMCB10E\
EQMP7601.jpg,.jpg,\RCDMCB10E\
IMLZ8794.jpg,.jpg,\RCDMCB10E\
IWBQ1878.jpg,.jpg,\RCDMCB10E\
JGVE4207.jpg,.jpg,\RCDMCB10E\
UQUP2274.jpg,.jpg,\RCDMCB10E\
1HJGU0910.jpg,.jpg,\RCDMCB16E\
2WDKR5989.jpg,.jpg,\RCDMCB16E\
CBFO8778.jpg,.jpg,\RCDMCB16E\
DRCV7720.jpg,.jpg,\RCDMCB16E\
FARY1655.jpg,.jpg,\RCDMCB16E\
UCLW8813.jpg,.jpg,\RCDMCB16E\
VCJF4144.jpg,.jpg,\RCDMCB16E\
1VMFJ3429.PNG,.PNG,\RJ12P\
2EOMV0957.PNG,.PNG,\RJ12P\
1WHFT7687.PNG,.PNG,\RJ12SKT\
2JCNF8244.PNG,.PNG,\RJ12SKT\
CRKK4942.PNG,.PNG,\RJ12SKT\
UEQA6038.PNG,.PNG,\RJ12SKT\
1NYJR2831.jpg,.jpg,\RJ1LL\
2EIHB3289.PNG,.PNG,\RJ1LL\
FONL9436.PNG,.PNG,\RJ1LL\
1SFSY9266.PNG,.PNG,\RJ45PC6\
2rj45pc62.PNG,.PNG,\RJ45PC6\
GNJJ4580.PNG,.PNG,\RJ45PC6\
1IAFS2229.PNG,.PNG,\RJ45SKTC5e\
2LROI5301.PNG,.PNG,\RJ45SKTC5e\
OPWS5906.PNG,.PNG,\RJ45SKTC5e\
OTXN4679.PNG,.PNG,\RJ45SKTC5e\
1JSSE3051.PNG,.PNG,\RJ45SKTC6\
2PPDZ5448.PNG,.PNG,\RJ45SKTC6\
CAJQ7423.PNG,.PNG,\RJ45SKTC6\
PBYO9200.PNG,.PNG,\RJ45SKTC6\
PJVR9791.PNG,.PNG,\RJ45SKTC6\
1WURU4533.jpg,.jpg,\S1BC\
WGXJ1785.jpg,.jpg,\S1BC\
WOYW0286.jpg,.jpg,\S1BC\
1SEQP3043.jpg,.jpg,\S1C_B\
LAKS1402.jpg,.jpg,\S1C_B\
1QKSL2255.jpg,.jpg,\S1L_BC\
ANNC3874.jpg,.jpg,\S1L_BC\
HPHG1613.jpg,.jpg,\S1L_BC\
VKHH3237.jpg,.jpg,\S1L_BC\
1NHAG7351.jpg,.jpg,\S1LL_BC\
GSVM8067.jpg,.jpg,\S1LL_BC\
QHMI8081.jpg,.jpg,\S1LL_BC\
XQCK0859.jpg,.jpg,\S1LL_BC\
1MEOZ1393.jpg,.jpg,\S1N\
ELXZ7401.jpg,.jpg,\S1N\
JLZX8150.jpg,.jpg,\S1N\
KFCO2813.jpg,.jpg,\S1N\
TIKB4521.jpg,.jpg,\S1N\
1KFCO0729.jpg,.jpg,\S1W_BC\
AVNG5749.jpg,.jpg,\S1W_BC\
JDOK5373.jpg,.jpg,\S1W_BC\
FKCV0041.jpg,.jpg,\S1WC_SC\
PTLZ2704.jpg,.jpg,\S1WC_SC\
1TKDN6448.jpg,.jpg,\S2BC\
LBZP6425.jpg,.jpg,\S2BC\
REOE5965.jpg,.jpg,\S2BC\
1WKKC4640.jpg,.jpg,\S2L\
2EPHS3178.jpg,.jpg,\S2L\
1WVQO8741.jpg,.jpg,\S2L_BC\
ANNC3874.jpg,.jpg,\S2L_BC\
ASPH3096.jpg,.jpg,\S2L_BC\
RIYS6526.jpg,.jpg,\S2L_BC\
ELDU7063.jpg,.jpg,\S2LL_BC\
FRKM5403.jpg,.jpg,\S2LL_BC\
IPMO1142.jpg,.jpg,\S2LL_BC\
XQCK0859.jpg,.jpg,\S2LL_BC\
GYXU4335.jpg,.jpg,\S2W_BC\
NMIN3732.jpg,.jpg,\S2W_BC\
VQSD4905.jpg,.jpg,\S2W_BC\
PDHE6652.jpg,.jpg,\S2WC_SC\
SHEQ6331.jpg,.jpg,\S2WC_SC\
1TNTY2491.jpg,.jpg,\S3BC\
BQFH4431.jpg,.jpg,\S3BC\
MOEE0385.jpg,.jpg,\S3BC\
1MCGW5271.jpg,.jpg,\S3LL_BC\
ACIL4099.jpg,.jpg,\S3LL_BC\
LEWX0147.jpg,.jpg,\S3LL_BC\
XQCK0859.jpg,.jpg,\S3LL_BC\
FWQB0538.jpg,.jpg,\S3W_BC\
QTOB3646.jpg,.jpg,\S3W_BC\
SPPC1778.jpg,.jpg,\S3W_BC\
CAWY4462.jpg,.jpg,\S3WC_SC\
TJRV1235.jpg,.jpg,\S3WC_SC\
BLIY7589.jpg,.jpg,\S4BC\
PCSW5472.jpg,.jpg,\S4BC\
TYZQ2843.jpg,.jpg,\S4BC\
1OGLE3601.jpg,.jpg,\S4LL_BC\
CVWO8464.jpg,.jpg,\S4LL_BC\
TUWK9696.jpg,.jpg,\S4LL_BC\
XQCK0859.jpg,.jpg,\S4LL_BC\
1IFUU9142.jpg,.jpg,\S4W_BC\
FWDK7563.jpg,.jpg,\S4W_BC\
UVHE8970.jpg,.jpg,\S4W_BC\
ROYZ6978.jpg,.jpg,\S4WC_SC\
VHNP1591.jpg,.jpg,\S4WC_SC\
1FNCN8098.jpg,.jpg,\S5BC\
DDKM6100.jpg,.jpg,\S5BC\
TYYI6743.jpg,.jpg,\S5BC\
1PUMT4724.jpg,.jpg,\S5W_BC\
GYMV5933.jpg,.jpg,\S5W_BC\
QCUT4159.jpg,.jpg,\S5W_BC\
1LBPC8785.jpg,.jpg,\S5WC_SC\
FZAX3548.jpg,.jpg,\S5WC_SC\
1YANS7092.jpg,.jpg,\S6BC\
HLZR7858.jpg,.jpg,\S6BC\
PJGY0069.jpg,.jpg,\S6BC\
1XIFG0366.jpg,.jpg,\S6W_BC\
VLGI0645.jpg,.jpg,\S6W_BC\
WMUG9380.jpg,.jpg,\S6W_BC\
ISSD9530.jpg,.jpg,\S6WC_SC\
YDER1513.jpg,.jpg,\S6WC_SC\
1QWYR2744.jpg,.jpg,\SB04\
2XCZP7614.jpg,.jpg,\SB04\
APHC7885.jpg,.jpg,\SB04\
LPTY1766.jpg,.jpg,\SB04\
MQQC4140.jpg,.jpg,\SB04\
1CSVA6828.jpg,.jpg,\SB04WP\
2MXEO6603.jpg,.jpg,\SB04WP\
3DORE8207.jpg,.jpg,\SB04WP\
QNHE8880.jpg,.jpg,\SB04WP\
UOIA6442.jpg,.jpg,\SB04WP\
1CVZZ0543.jpg,.jpg,\SB06\
2LKSI9627.jpg,.jpg,\SB06\
KCDE7702.jpg,.jpg,\SB06\
YBRN2838.jpg,.jpg,\SB06\
1SNLX8257.jpg,.jpg,\SB06WP\
2NYPY9601.jpg,.jpg,\SB06WP\
DVAD1756.jpg,.jpg,\SB06WP\
HVGK4555.jpg,.jpg,\SB06WP\
PXRK3195.jpg,.jpg,\SB06WP\
1IMG_0561.jpg,.jpg,\SB08\
2RAPE6129.jpg,.jpg,\SB08\
IKGX4372.jpg,.jpg,\SB08\
JWZP3965.jpg,.jpg,\SB08\
1SB08F1.jpg,.jpg,\SB08F\
2SB08F2.jpg,.jpg,\SB08F\
BAFN5242.jpg,.jpg,\SB08F\
SB08F3.jpg,.jpg,\SB08F\
1IMG_0562.jpg,.jpg,\SB10\
2SHHU3934.jpg,.jpg,\SB10\
CRGC8522.jpg,.jpg,\SB10\
EFBY8420.jpg,.jpg,\SB10\
1CVKG2921.jpg,.jpg,\SB12\
2EXIT6044.jpg,.jpg,\SB12\
HIAQ9229.jpg,.jpg,\SB12\
JOSU9608.jpg,.jpg,\SB12\
MXDG6315.jpg,.jpg,\SB12\
OFWS0849.jpg,.jpg,\SB12\
OVSR5186.jpg,.jpg,\SB12\
PCSO3259.jpg,.jpg,\SB12\
WKTT4054.jpg,.jpg,\SB12\
1SB12Fpp.jpg,.jpg,\SB12F\
2NNCQ8579.jpg,.jpg,\SB12F\
BCSN8326.jpg,.jpg,\SB12F\
CTYX4495.jpg,.jpg,\SB12F\
MUJH8771.jpg,.jpg,\SB12F\
NWSS9038.jpg,.jpg,\SB12F\
SBUK0205.jpg,.jpg,\SB12F\
TBIS6042.jpg,.jpg,\SB12F\
XPDL5213.jpg,.jpg,\SB12F\
1MGPA0802.jpg,.jpg,\SB12WP\
2JXLJ3290.jpg,.jpg,\SB12WP\
HQWZ2805.jpg,.jpg,\SB12WP\
LOCU1824.jpg,.jpg,\SB12WP\
VJUS5056.jpg,.jpg,\SB12WP\
1PhotoRoom_20201103_163955.jpg,.jpg,\SB18\
2PhotoRoom_20201103_163905.jpg,.jpg,\SB18\
PhotoRoom_20201103_164149.jpg,.jpg,\SB18\
SCNC1006.jpg,.jpg,\SB18\
1SB18F.jpg,.jpg,\SB18F\
21SF18F.jpg,.jpg,\SB18F\
SB18F2.jpg,.jpg,\SB18F\
SB18F3.jpg,.jpg,\SB18F\
1FIVM4133.jpg,.jpg,\SB24\
2DDMC9457.jpg,.jpg,\SB24\
FJYD6577.jpg,.jpg,\SB24\
SBGJ3409.jpg,.jpg,\SB24\
1NVXU8922.jpg,.jpg,\SB36\
2BSYD4087.jpg,.jpg,\SB36\
JCRH3199.jpg,.jpg,\SB36\
KVEJ5688.jpg,.jpg,\SB36\
1KFWS2813.jpg,.jpg,\SFB100-80A\
2LQJA6819.jpg,.jpg,\SFB100-80A\
FRCP6887.jpg,.jpg,\SFB100-80A\
GNCM7550.jpg,.jpg,\SFB100-80A\
ILNA3013.jpg,.jpg,\SFB100-80A\
1UEJP3977.jpg,.jpg,\SFF100-80A\
2SGIO3915.jpg,.jpg,\SFF100-80A\
FRCP6887.jpg,.jpg,\SFF100-80A\
GAXP8215.jpg,.jpg,\SFF100-80A\
ILNA3013sff.jpg,.jpg,\SFF100-80A\
1KULJ0998.PNG,.PNG,\SMH1\
2JVTP7738.PNG,.PNG,\SMH1\
BCYG2411.PNG,.PNG,\SMH1\
CPOB9676.PNG,.PNG,\SMH1\
GFDN2081.PNG,.PNG,\SMH1\
WHLV0018.PNG,.PNG,\SMH1\
1XVBL0333.PNG,.PNG,\SMH2\
2VCGA3706.PNG,.PNG,\SMH2\
GJUE7396.PNG,.PNG,\SMH2\
PHCP5874.PNG,.PNG,\SMH2\
1BKWY3806.PNG,.PNG,\SP275\
2GPMO7153.PNG,.PNG,\SP275\
CBMW3768.jpg,.jpg,\SS\
DMCT1612.jpg,.jpg,\SS\
GAEU8497.jpg,.jpg,\SS\
GWWC1113.jpg,.jpg,\SS\
VWEC8860.jpg,.jpg,\SS\
1YIGW0885.jpg,.jpg,\SSD\
2FYZB0845.jpg,.jpg,\SSD\
IVOV1783.jpg,.jpg,\SSD\
RZWI1282.jpg,.jpg,\SSD\
XAJR4594.jpg,.jpg,\SSD\
1CGWC0497.jpg,.jpg,\SSF\
2KKIG0673.jpg,.jpg,\SSF\
EEVH3933.jpg,.jpg,\SSF\
CUYE9174.jpg,.jpg,\SSP\
HDMS0917.jpg,.jpg,\SSP\
TRRS7567.jpg,.jpg,\SSP\
TZSM1499.jpg,.jpg,\SSP\
1HWSX5546.jpg,.jpg,\SSS\
2SIPK5623.jpg,.jpg,\SSS\
KDED8255.jpg,.jpg,\SSS\
TZAT8564.jpg,.jpg,\SSS\
UPIJ7985.jpg,.jpg,\SSS\
WEWS0606.jpg,.jpg,\SSS\
XBLI1864.jpg,.jpg,\SSS\
IXED6777.PNG,.PNG,\TAPE_BK\
EEPP6319.PNG,.PNG,\TAPE_BLUE\
VRHP3526.PNG,.PNG,\TAPE_EARTH\
1BCSI2852.PNG,.PNG,\TAPE_MIX\
AGWF6587.PNG,.PNG,\TAPE_MIX\
EBIY8276.PNG,.PNG,\TAPE_RED\
WXSE7793.PNG,.PNG,\TAPE_WHITE\
GFFT0186.jpg,.jpg,\TVO\
1DLZV7631.jpg,.jpg,\WBM\
2JMXM8350.jpg,.jpg,\WBM\
DASR3491.jpg,.jpg,\WBM\
KJDE3132.jpg,.jpg,\WBM\
RRYO7650.jpg,.jpg,\WBM\
YAEY0304.jpg,.jpg,\WBM\
1SRHD5288.jpg,.jpg,\WBP\
DOZL0052.jpg,.jpg,\WBP\
ESYH2287.jpg,.jpg,\WBP\
PLHA2378.jpg,.jpg,\WBP\
WUXO0468.jpg,.jpg,\WBP\
1FLQH9680.jpg,.jpg,\WENC\
2AQUX0250.jpg,.jpg,\WENC\
BVBZ5250.jpg,.jpg,\WENC\
CXAD3344.jpg,.jpg,\WENC\
PSGV6618.jpg,.jpg,\WENC\
ROSA7328.jpg,.jpg,\WENC\
1NGUR9594.PNG,.PNG,\WL\
2GOKZ9292.PNG,.PNG,\WL\
1JXXM2286.PNG,.PNG,\WP630_500\
ATUP2771.PNG,.PNG,\WP630_500\
WUFS6900.PNG,.PNG,\WP630_500\
1ASRC2084.PNG,.PNG,\WP730_500\
ATUP2771.PNG,.PNG,\WP730_500\
WUFS6900.PNG,.PNG,\WP730_500\
1TNGK5040.PNG,.PNG,\WP838_250\
ATUP2771.PNG,.PNG,\WP838_250\
WUFS6900.PNG,.PNG,\WP838_250\